Ticker,Date,Actual,Estimate,Surprise,Startdate,Enddate
A,2017-11-20T16:00:00,0.67,0.624,7.4,2017-08-25T16:00:00,2018-01-04T16:00:00
AAL,2018-01-25T16:00:00,0.95,0.919,3.4,2017-10-27T16:00:00,2018-03-09T16:00:00
AAP,2018-02-21T16:00:00,0.77,0.634,21.5,2017-11-22T16:00:00,2018-04-05T16:00:00
AAPL,2017-11-02T16:00:00,2.07,1.87,10.7,2017-08-09T16:00:00,2017-12-15T16:00:00
ABBV,2018-01-26T16:00:00,1.48,1.447,2.3,2017-10-30T16:00:00,2018-03-12T16:00:00
ABC,2017-11-02T16:00:00,1.33,1.321,0.7,2017-08-09T16:00:00,2017-12-15T16:00:00
ABT,2018-01-24T16:00:00,0.74,0.732,1.1,2017-10-26T16:00:00,2018-03-08T16:00:00
ACN,2017-09-28T16:00:00,1.41,1.463,-3.5,2017-07-05T16:00:00,2017-11-09T16:00:00
ADBE,2017-12-14T16:00:00,1.26,1.157,8.9,2017-09-20T16:00:00,2018-01-30T16:00:00
ADI,2017-11-21T16:00:00,1.45,1.364,6.3,2017-08-28T16:00:00,2018-01-05T16:00:00
ADM,2018-02-06T16:00:00,0.82,0.7,17.1,2017-11-08T16:00:00,2018-03-21T16:00:00
ADP,2017-07-27T16:00:00,0.66,0.669,-1.3,2017-05-02T16:00:00,2017-09-08T16:00:00
ADS,2018-01-25T16:00:00,6.26,4.993,25.4,2017-10-27T16:00:00,2018-03-09T16:00:00
ADSK,2017-03-02T16:00:00,-0.28,-0.338,17.2,2016-12-02T16:00:00,2017-04-13T16:00:00
AEE,2018-02-16T16:00:00,0.39,0.357,9.2,2017-11-20T16:00:00,2018-04-03T16:00:00
AEP,2018-01-25T16:00:00,0.85,0.792,7.3,2017-10-27T16:00:00,2018-03-09T16:00:00
AES,2018-02-27T16:00:00,0.43,0.344,25,2017-11-29T16:00:00,2018-04-11T16:00:00
AET,2018-01-30T16:00:00,1.25,1.172,6.7,2017-11-01T16:00:00,2018-03-14T16:00:00
AFL,2018-01-31T16:00:00,0.8,0.777,3,2017-11-02T16:00:00,2018-03-15T16:00:00
AGN,2018-02-06T16:00:00,4.86,4.739,2.6,2017-11-08T16:00:00,2018-03-21T16:00:00
AIG,2018-02-08T16:00:00,0.57,0.714,-20.2,2017-11-10T16:00:00,2018-03-23T16:00:00
AIV,2018-02-01T16:00:00,0.63,0.631,-0.2,2017-11-03T16:00:00,2018-03-16T16:00:00
AIZ,2018-02-08T16:00:00,1.84,1.575,16.8,2017-11-10T16:00:00,2018-03-23T16:00:00
AJG,2018-01-25T16:00:00,0.82,0.744,10.2,2017-10-27T16:00:00,2018-03-09T16:00:00
AKAM,2018-02-06T16:00:00,0.69,0.629,9.7,2017-11-08T16:00:00,2018-03-21T16:00:00
ALB,2018-02-27T16:00:00,1.34,1.215,10.3,2017-11-29T16:00:00,2018-04-11T16:00:00
ALGN,2018-01-30T16:00:00,1.19,0.958,24.2,2017-11-01T16:00:00,2018-03-14T16:00:00
ALK,2018-01-25T16:00:00,0.83,0.823,0.9,2017-10-27T16:00:00,2018-03-09T16:00:00
ALL,2018-02-07T16:00:00,2.09,1.497,39.6,2017-11-09T16:00:00,2018-03-22T16:00:00
ALLE,2018-02-20T16:00:00,1.11,0.93,19.4,2017-11-21T16:00:00,2018-04-04T16:00:00
ALXN,2018-02-08T16:00:00,1.48,1.275,16.1,2017-11-10T16:00:00,2018-03-23T16:00:00
AMAT,2017-11-16T16:00:00,0.93,0.904,2.9,2017-08-23T16:00:00,2018-01-02T16:00:00
AMD,2018-01-30T16:00:00,0.08,0.049,63.3,2017-11-01T16:00:00,2018-03-14T16:00:00
AME,2018-02-01T16:00:00,0.7,0.669,4.6,2017-11-03T16:00:00,2018-03-16T16:00:00
AMG,2018-01-29T16:00:00,4.68,4.526,3.4,2017-10-31T16:00:00,2018-03-13T16:00:00
AMGN,2018-02-01T16:00:00,2.89,3.034,-4.7,2017-11-03T16:00:00,2018-03-16T16:00:00
AMP,2018-01-24T16:00:00,1.18,0.937,25.9,2017-10-26T16:00:00,2018-03-08T16:00:00
AMT,2018-02-27T16:00:00,1.65,1.533,7.9,2017-11-29T16:00:00,2018-04-11T16:00:00
AMZN,2018-02-01T16:00:00,2.15,1.834,17.2,2017-11-03T16:00:00,2018-03-16T16:00:00
ANDV,2018-02-15T16:00:00,0.75,1.106,-32.2,2017-11-17T16:00:00,2018-04-02T16:00:00
ANSS,2018-02-21T16:00:00,1.07,1.032,3.7,2017-11-22T16:00:00,2018-04-05T16:00:00
ANTM,2018-01-31T16:00:00,1.29,1.257,2.6,2017-11-02T16:00:00,2018-03-15T16:00:00
AON,2018-02-02T16:00:00,2.34,2.347,-0.3,2017-11-06T16:00:00,2018-03-19T16:00:00
AOS,2018-01-30T16:00:00,0.6,0.563,6.6,2017-11-01T16:00:00,2018-03-14T16:00:00
APA,2018-02-22T16:00:00,0.33,0.242,36.4,2017-11-24T16:00:00,2018-04-06T16:00:00
APC,2018-02-06T16:00:00,0.18,0.034,429.4,2017-11-08T16:00:00,2018-03-21T16:00:00
APD,2017-10-26T16:00:00,1.76,1.683,4.6,2017-08-02T16:00:00,2017-12-08T16:00:00
APH,2018-01-24T16:00:00,0.86,0.815,5.5,2017-10-26T16:00:00,2018-03-08T16:00:00
APTV,2018-02-01T16:00:00,1.28,1.33,-3.8,2017-11-03T16:00:00,2018-03-16T16:00:00
ARE,2018-01-29T16:00:00,1.53,1.538,-0.5,2017-10-31T16:00:00,2018-03-13T16:00:00
ARNC,2018-02-05T16:00:00,0.31,0.256,21.1,2017-11-07T16:00:00,2018-03-20T16:00:00
ATVI,2018-02-08T16:00:00,0.94,0.925,1.6,2017-11-10T16:00:00,2018-03-23T16:00:00
AVB,2018-01-31T16:00:00,2.25,2.247,0.1,2017-11-02T16:00:00,2018-03-15T16:00:00
AVGO,2017-12-06T16:00:00,4.59,4.52,1.5,2017-09-12T16:00:00,2018-01-22T16:00:00
AVY,2018-01-31T16:00:00,1.33,1.249,6.5,2017-11-02T16:00:00,2018-03-15T16:00:00
AWK,2018-02-20T16:00:00,0.69,0.663,4.1,2017-11-21T16:00:00,2018-04-04T16:00:00
AXP,2018-01-18T16:00:00,1.58,1.54,2.6,2017-10-20T16:00:00,2018-03-02T16:00:00
AYI,2017-10-04T16:00:00,2.55,2.435,4.7,2017-07-11T16:00:00,2017-11-15T16:00:00
AZO,2017-09-19T16:00:00,15.27,15.113,1,2017-06-23T16:00:00,2017-10-31T16:00:00
BA,2018-01-31T16:00:00,3.06,2.903,5.4,2017-11-02T16:00:00,2018-03-15T16:00:00
BAC,2018-01-17T16:00:00,0.48,0.445,7,2017-10-19T16:00:00,2018-03-01T16:00:00
BAX,2018-02-01T16:00:00,0.64,0.587,9,2017-11-03T16:00:00,2018-03-16T16:00:00
BBT,2018-01-18T16:00:00,0.84,0.794,5.8,2017-10-20T16:00:00,2018-03-02T16:00:00
BBY,2017-03-01T16:00:00,1.95,1.667,17,2016-12-01T16:00:00,2017-04-12T16:00:00
BDX,2017-11-02T16:00:00,2.4,2.371,1.2,2017-08-09T16:00:00,2017-12-15T16:00:00
BEN,2017-10-26T16:00:00,0.76,0.719,5.7,2017-08-02T16:00:00,2017-12-08T16:00:00
BF-B,2017-06-07T16:00:00,0.3,0.324,-6.2,2017-03-13T16:00:00,2017-07-20T16:00:00
BHF,2018-02-12T16:00:00,0.37,2.118,-82.5,2017-11-14T16:00:00,2018-03-27T16:00:00
BHGE,2018-01-24T16:00:00,0.15,0.139,7.9,2017-10-26T16:00:00,2018-03-08T16:00:00
BIIB,2018-01-25T16:00:00,5.26,5.445,-3.4,2017-10-27T16:00:00,2018-03-09T16:00:00
BK,2018-01-18T16:00:00,0.91,0.905,0.6,2017-10-20T16:00:00,2018-03-02T16:00:00
BKNG,2018-02-27T16:00:00,16.86,14.131,19.3,2017-11-29T16:00:00,2018-04-11T16:00:00
BLK,2018-01-12T16:00:00,6.24,5.984,4.3,2017-10-17T16:00:00,2018-02-27T16:00:00
BLL,2018-02-07T16:00:00,0.6,0.518,15.8,2017-11-09T16:00:00,2018-03-22T16:00:00
BMY,2018-02-05T16:00:00,0.68,0.672,1.2,2017-11-07T16:00:00,2018-03-20T16:00:00
BRK-A,2018-02-24T16:00:00,2029.43,2616.78,-22.4,2017-11-27T16:00:00,2018-04-09T16:00:00
BSX,2018-02-01T16:00:00,0.34,0.348,-2.3,2017-11-03T16:00:00,2018-03-16T16:00:00
BWA,2018-02-08T16:00:00,1.07,1.01,5.9,2017-11-10T16:00:00,2018-03-23T16:00:00
BXP,2018-01-30T16:00:00,1.49,1.465,1.7,2017-11-01T16:00:00,2018-03-14T16:00:00
C,2018-01-16T16:00:00,1.2,1.188,1,2017-10-18T16:00:00,2018-02-28T16:00:00
CA,2017-05-11T16:00:00,0.54,0.492,9.8,2017-02-14T16:00:00,2017-06-23T16:00:00
CAG,2017-06-29T16:00:00,0.37,0.374,-1.1,2017-04-04T16:00:00,2017-08-11T16:00:00
CAH,2017-08-02T16:00:00,1.31,1.244,5.3,2017-05-08T16:00:00,2017-09-14T16:00:00
CAT,2018-01-25T16:00:00,2.16,1.77,22,2017-10-27T16:00:00,2018-03-09T16:00:00
CB,2018-01-30T16:00:00,2.28,2.319,-1.7,2017-11-01T16:00:00,2018-03-14T16:00:00
CBOE,2018-02-09T16:00:00,0.87,0.877,-0.8,2017-11-13T16:00:00,2018-03-26T16:00:00
CBRE,2018-02-08T16:00:00,0.99,0.925,7,2017-11-10T16:00:00,2018-03-23T16:00:00
CBS,2018-02-15T16:00:00,1.15,1.11,3.6,2017-11-17T16:00:00,2018-04-02T16:00:00
CCI,2018-01-24T16:00:00,1.05,0.93,12.9,2017-10-26T16:00:00,2018-03-08T16:00:00
CCL,2017-12-19T16:00:00,0.63,0.507,24.3,2017-09-25T16:00:00,2018-02-02T16:00:00
CDNS,2018-01-31T16:00:00,0.39,0.39,0,2017-11-02T16:00:00,2018-03-15T16:00:00
CELG,2018-01-25T16:00:00,2,2.005,-0.2,2017-10-27T16:00:00,2018-03-09T16:00:00
CERN,2018-02-06T16:00:00,0.58,0.611,-5.1,2017-11-08T16:00:00,2018-03-21T16:00:00
CF,2018-02-14T16:00:00,-0.02,-0.071,71.8,2017-11-16T16:00:00,2018-03-29T16:00:00
CFG,2018-01-19T16:00:00,0.71,0.673,5.5,2017-10-23T16:00:00,2018-03-05T16:00:00
CHD,2018-02-05T16:00:00,0.52,0.501,4.4,2017-11-07T16:00:00,2018-03-20T16:00:00
CHRW,2018-01-30T16:00:00,0.86,0.84,2.2,2017-11-01T16:00:00,2018-03-14T16:00:00
CHTR,2018-02-02T16:00:00,0.77,0.843,-8.5,2017-11-06T16:00:00,2018-03-19T16:00:00
CI,2018-02-01T16:00:00,1.94,1.873,3.6,2017-11-03T16:00:00,2018-03-16T16:00:00
CINF,2018-02-07T16:00:00,0.93,0.862,7.9,2017-11-09T16:00:00,2018-03-22T16:00:00
CL,2018-01-26T16:00:00,0.75,0.756,-0.8,2017-10-30T16:00:00,2018-03-12T16:00:00
CLX,2017-08-03T16:00:00,1.53,1.492,2.6,2017-05-09T16:00:00,2017-09-15T16:00:00
CMA,2018-01-16T16:00:00,1.28,1.229,4.1,2017-10-18T16:00:00,2018-02-28T16:00:00
CMCSA,2018-01-24T16:00:00,0.49,0.469,4.5,2017-10-26T16:00:00,2018-03-08T16:00:00
CME,2018-02-01T16:00:00,1.12,1.095,2.3,2017-11-03T16:00:00,2018-03-16T16:00:00
CMG,2018-02-06T16:00:00,1.34,1.325,1.5,2017-11-08T16:00:00,2018-03-21T16:00:00
CMI,2018-02-06T16:00:00,3.03,2.675,13.3,2017-11-08T16:00:00,2018-03-21T16:00:00
CMS,2018-02-14T16:00:00,0.51,0.514,-0.8,2017-11-16T16:00:00,2018-03-29T16:00:00
CNC,2018-02-06T16:00:00,0.97,0.929,4.4,2017-11-08T16:00:00,2018-03-21T16:00:00
CNP,2018-02-22T16:00:00,0.33,0.298,9.7,2017-11-24T16:00:00,2018-04-06T16:00:00
COF,2018-01-23T16:00:00,1.62,1.872,-13.5,2017-10-25T16:00:00,2018-03-07T16:00:00
COG,2018-02-23T16:00:00,0.13,0.113,15,2017-11-27T16:00:00,2018-04-09T16:00:00
COL,2017-10-27T16:00:00,1.8,1.79,0.6,2017-08-03T16:00:00,2017-12-11T16:00:00
COO,2017-12-07T16:00:00,2.65,2.643,0.3,2017-09-13T16:00:00,2018-01-23T16:00:00
COP,2018-02-01T16:00:00,0.45,0.439,2.5,2017-11-03T16:00:00,2018-03-16T16:00:00
COST,2017-10-05T16:00:00,2.08,2.017,3.3,2017-07-12T16:00:00,2017-11-16T16:00:00
COTY,2017-08-22T16:00:00,0,0.091,-100,2017-05-26T16:00:00,2017-10-04T16:00:00
CPB,2017-08-31T16:00:00,0.52,0.551,-5.6,2017-06-07T16:00:00,2017-10-13T16:00:00
CRM,2017-02-28T16:00:00,0.28,0.248,12.9,2016-11-30T16:00:00,2017-04-11T16:00:00
CSCO,2017-08-16T16:00:00,0.61,0.606,0.7,2017-05-22T16:00:00,2017-09-28T16:00:00
CSX,2018-01-16T16:00:00,0.64,0.563,13.7,2017-10-18T16:00:00,2018-02-28T16:00:00
CTAS,2017-07-20T16:00:00,1.25,1.107,12.9,2017-04-25T16:00:00,2017-08-31T16:00:00
CTL,2018-02-14T16:00:00,0.18,0.292,-38.4,2017-11-16T16:00:00,2018-03-29T16:00:00
CTSH,2018-02-07T16:00:00,1.03,0.966,6.6,2017-11-09T16:00:00,2018-03-22T16:00:00
CTXS,2018-01-31T16:00:00,1.66,1.601,3.7,2017-11-02T16:00:00,2018-03-15T16:00:00
CVS,2018-02-08T16:00:00,1.92,1.886,1.8,2017-11-10T16:00:00,2018-03-23T16:00:00
CVX,2018-02-02T16:00:00,0.67,1.223,-45.1,2017-11-06T16:00:00,2018-03-19T16:00:00
CXO,2018-02-20T16:00:00,0.66,0.453,45.7,2017-11-21T16:00:00,2018-04-04T16:00:00
D,2018-01-29T16:00:00,0.91,0.892,2,2017-10-31T16:00:00,2018-03-13T16:00:00
DAL,2018-01-11T16:00:00,0.96,0.874,9.8,2017-10-16T16:00:00,2018-02-26T16:00:00
DE,2017-11-22T16:00:00,1.57,1.469,6.9,2017-08-29T16:00:00,2018-01-08T16:00:00
DFS,2018-01-24T16:00:00,1.56,1.542,1,2017-10-26T16:00:00,2018-03-08T16:00:00
DG,2017-03-16T16:00:00,1.49,1.413,5.8,2016-12-16T16:00:00,2017-04-28T16:00:00
DGX,2018-02-01T16:00:00,1.4,1.374,1.9,2017-11-03T16:00:00,2018-03-16T16:00:00
DHI,2017-11-09T16:00:00,0.82,0.814,1.3,2017-08-16T16:00:00,2017-12-22T16:00:00
DHR,2018-01-30T16:00:00,1.19,1.158,2.8,2017-11-01T16:00:00,2018-03-14T16:00:00
DIS,2017-11-09T16:00:00,1.07,1.141,-6.2,2017-08-16T16:00:00,2017-12-22T16:00:00
DISCA,2018-02-27T16:00:00,0.47,0.411,14.4,2017-11-29T16:00:00,2018-04-11T16:00:00
DISH,2018-02-21T16:00:00,0.53,0.568,-6.5,2017-11-22T16:00:00,2018-04-05T16:00:00
DLR,2018-02-15T16:00:00,1.55,1.509,2.7,2017-11-17T16:00:00,2018-04-02T16:00:00
DLTR,2017-03-01T16:00:00,1.42,1.318,7.5,2016-12-01T16:00:00,2017-04-12T16:00:00
DOV,2018-01-30T16:00:00,1.13,1.043,8.3,2017-11-01T16:00:00,2018-03-14T16:00:00
DPS,2018-02-14T16:00:00,1.34,1.159,15.9,2017-11-16T16:00:00,2018-03-29T16:00:00
DRE,2018-01-31T16:00:00,0.3,0.3,0,2017-11-02T16:00:00,2018-03-15T16:00:00
DRI,2017-06-27T16:00:00,1.18,1.154,2.3,2017-03-31T16:00:00,2017-08-09T16:00:00
DTE,2018-02-16T16:00:00,1.26,1.189,6,2017-11-20T16:00:00,2018-04-03T16:00:00
DUK,2018-02-20T16:00:00,0.94,0.92,2.2,2017-11-21T16:00:00,2018-04-04T16:00:00
DVA,2018-02-13T16:00:00,0.92,0.923,-0.3,2017-11-15T16:00:00,2018-03-28T16:00:00
DVN,2018-02-20T16:00:00,0.38,0.624,-39.1,2017-11-21T16:00:00,2018-04-04T16:00:00
DWDP,2018-02-01T16:00:00,0.83,0.671,23.7,2017-11-03T16:00:00,2018-03-16T16:00:00
DXC,2017-05-25T16:00:00,1.15,0.827,39.1,2017-03-01T16:00:00,2017-07-10T16:00:00
EA,2017-05-09T16:00:00,0.85,0.747,13.3,2017-02-10T16:00:00,2017-06-21T16:00:00
EBAY,2018-01-31T16:00:00,0.59,0.586,0.7,2017-11-02T16:00:00,2018-03-15T16:00:00
ECL,2018-02-20T16:00:00,1.39,1.396,-0.4,2017-11-21T16:00:00,2018-04-04T16:00:00
ED,2018-02-15T16:00:00,0.8,0.774,3.4,2017-11-17T16:00:00,2018-04-02T16:00:00
EFX,2018-03-01T16:00:00,1.39,1.353,2.7,2017-12-01T16:00:00,2018-04-13T16:00:00
EIX,2018-02-22T16:00:00,1.1,0.916,20.1,2017-11-24T16:00:00,2018-04-06T16:00:00
EL,2017-08-18T16:00:00,0.51,0.431,18.3,2017-05-24T16:00:00,2017-10-02T16:00:00
EMN,2018-02-01T16:00:00,1.62,1.059,53,2017-11-03T16:00:00,2018-03-16T16:00:00
EMR,2017-11-07T16:00:00,0.81,0.819,-1.4,2017-08-14T16:00:00,2017-12-20T16:00:00
EOG,2018-02-27T16:00:00,0.69,0.529,30.4,2017-11-29T16:00:00,2018-04-11T16:00:00
EQIX,2018-02-14T16:00:00,3.61,3.87,-6.7,2017-11-16T16:00:00,2018-03-29T16:00:00
EQR,2018-01-30T16:00:00,0.82,0.812,1,2017-11-01T16:00:00,2018-03-14T16:00:00
EQT,2018-02-15T16:00:00,0.76,0.233,226.2,2017-11-17T16:00:00,2018-04-02T16:00:00
ES,2018-02-22T16:00:00,0.75,0.752,-0.8,2017-11-24T16:00:00,2018-04-06T16:00:00
ESRX,2018-02-27T16:00:00,2.16,2.087,3.5,2017-11-29T16:00:00,2018-04-11T16:00:00
ESS,2018-02-07T16:00:00,3.01,3,0.3,2017-11-09T16:00:00,2018-03-22T16:00:00
ETFC,2018-01-25T16:00:00,0.64,0.609,5.7,2017-10-27T16:00:00,2018-03-09T16:00:00
ETN,2018-02-01T16:00:00,1.29,1.241,3.9,2017-11-03T16:00:00,2018-03-16T16:00:00
ETR,2018-02-23T16:00:00,0.76,0.455,67,2017-11-27T16:00:00,2018-04-09T16:00:00
EVHC,2018-02-27T16:00:00,0.59,0.505,16.8,2017-11-29T16:00:00,2018-04-11T16:00:00
EW,2018-02-01T16:00:00,0.94,0.91,3.3,2017-11-03T16:00:00,2018-03-16T16:00:00
EXC,2018-02-07T16:00:00,0.55,0.601,-8.5,2017-11-09T16:00:00,2018-03-22T16:00:00
EXPD,2018-02-20T16:00:00,0.71,0.634,12.7,2017-11-21T16:00:00,2018-04-04T16:00:00
EXPE,2018-02-08T16:00:00,0.84,1.151,-27,2017-11-10T16:00:00,2018-03-23T16:00:00
EXR,2018-02-20T16:00:00,1.12,1.084,3.3,2017-11-21T16:00:00,2018-04-04T16:00:00
F,2018-01-24T16:00:00,0.39,0.392,-0.5,2017-10-26T16:00:00,2018-03-08T16:00:00
FAST,2018-01-17T16:00:00,0.45,0.453,-0.7,2017-10-19T16:00:00,2018-03-01T16:00:00
FB,2018-01-31T16:00:00,2.21,1.946,13.6,2017-11-02T16:00:00,2018-03-15T16:00:00
FBHS,2018-02-01T16:00:00,0.8,0.799,0.1,2017-11-03T16:00:00,2018-03-16T16:00:00
FCX,2018-01-25T16:00:00,0.51,0.485,5.2,2017-10-27T16:00:00,2018-03-09T16:00:00
FDX,2017-06-20T16:00:00,4.25,3.875,9.7,2017-03-24T16:00:00,2017-08-02T16:00:00
FE,2018-02-20T16:00:00,0.71,0.683,4,2017-11-21T16:00:00,2018-04-04T16:00:00
FFIV,2017-10-25T16:00:00,2.44,2.205,10.7,2017-08-01T16:00:00,2017-12-07T16:00:00
FIS,2018-02-06T16:00:00,1.36,1.344,1.2,2017-11-08T16:00:00,2018-03-21T16:00:00
FISV,2018-02-07T16:00:00,0.71,0.69,2.2,2017-11-09T16:00:00,2018-03-22T16:00:00
FITB,2018-01-23T16:00:00,0.52,0.477,9,2017-10-25T16:00:00,2018-03-07T16:00:00
FL,2017-02-24T16:00:00,1.37,1.318,3.9,2016-11-28T16:00:00,2017-04-07T16:00:00
FLIR,2018-02-14T16:00:00,0.58,0.552,5.1,2017-11-16T16:00:00,2018-03-29T16:00:00
FLR,2018-02-20T16:00:00,0.7,0.629,11.3,2017-11-21T16:00:00,2018-04-04T16:00:00
FLS,2018-02-15T16:00:00,0.68,0.514,32.3,2017-11-17T16:00:00,2018-04-02T16:00:00
FMC,2018-02-12T16:00:00,1.1,1.046,5.2,2017-11-14T16:00:00,2018-03-27T16:00:00
FOXA,2017-08-09T16:00:00,0.36,0.348,3.4,2017-05-15T16:00:00,2017-09-21T16:00:00
FRT,2018-02-13T16:00:00,1.3,1.465,-11.3,2017-11-15T16:00:00,2018-03-28T16:00:00
FTI,2018-02-21T16:00:00,0.2,0.452,-55.8,2017-11-22T16:00:00,2018-04-05T16:00:00
FTV,2018-02-08T16:00:00,0.82,0.784,4.6,2017-11-10T16:00:00,2018-03-23T16:00:00
GD,2018-01-24T16:00:00,2.5,2.381,5,2017-10-26T16:00:00,2018-03-08T16:00:00
GE,2018-01-24T16:00:00,0.27,0.284,-4.9,2017-10-26T16:00:00,2018-03-08T16:00:00
GGP,2018-02-07T16:00:00,0.48,0.463,3.7,2017-11-09T16:00:00,2018-03-22T16:00:00
GILD,2018-02-06T16:00:00,1.78,1.674,6.3,2017-11-08T16:00:00,2018-03-21T16:00:00
GIS,2017-06-28T16:00:00,0.73,0.711,2.7,2017-04-03T16:00:00,2017-08-10T16:00:00
GLW,2018-01-30T16:00:00,0.49,0.47,4.3,2017-11-01T16:00:00,2018-03-14T16:00:00
GM,2018-02-06T16:00:00,1.65,1.377,19.8,2017-11-08T16:00:00,2018-03-21T16:00:00
GOOGL,2018-02-01T16:00:00,9.7,10.031,-3.3,2017-11-03T16:00:00,2018-03-16T16:00:00
GPC,2018-02-20T16:00:00,1.12,1.12,0,2017-11-21T16:00:00,2018-04-04T16:00:00
GPN,2018-02-15T16:00:00,1.07,1.033,3.6,2017-11-17T16:00:00,2018-04-02T16:00:00
GPS,2017-02-23T16:00:00,0.51,0.51,0,2016-11-25T16:00:00,2017-04-06T16:00:00
GRMN,2018-02-21T16:00:00,0.79,0.755,4.6,2017-11-22T16:00:00,2018-04-05T16:00:00
GS,2018-01-17T16:00:00,5.68,4.901,15.9,2017-10-19T16:00:00,2018-03-01T16:00:00
GT,2018-02-08T16:00:00,0.99,0.783,26.4,2017-11-10T16:00:00,2018-03-23T16:00:00
GWW,2018-01-24T16:00:00,2.94,2.2,33.6,2017-10-26T16:00:00,2018-03-08T16:00:00
HAL,2018-01-22T16:00:00,0.53,0.467,13.5,2017-10-24T16:00:00,2018-03-06T16:00:00
HAS,2018-02-07T16:00:00,2.3,1.811,27,2017-11-09T16:00:00,2018-03-22T16:00:00
HBAN,2018-01-23T16:00:00,0.26,0.262,-0.8,2017-10-25T16:00:00,2018-03-07T16:00:00
HBI,2018-02-08T16:00:00,0.52,0.523,-0.6,2017-11-10T16:00:00,2018-03-23T16:00:00
HCA,2018-01-30T16:00:00,2.13,1.875,13.6,2017-11-01T16:00:00,2018-03-14T16:00:00
HCP,2018-02-13T16:00:00,0.48,0.471,1.9,2017-11-15T16:00:00,2018-03-28T16:00:00
HD,2017-02-21T16:00:00,1.44,1.334,8,2016-11-22T16:00:00,2017-04-04T16:00:00
HES,2018-02-05T16:00:00,-1.01,-0.903,-11.8,2017-11-07T16:00:00,2018-03-20T16:00:00
HIG,2018-02-08T16:00:00,0.81,0.74,9.5,2017-11-10T16:00:00,2018-03-23T16:00:00
HII,2018-02-15T16:00:00,3.11,2.941,5.7,2017-11-17T16:00:00,2018-04-02T16:00:00
HLT,2018-02-14T16:00:00,0.54,0.448,20.5,2017-11-16T16:00:00,2018-03-29T16:00:00
HOG,2018-01-30T16:00:00,0.48,0.455,4.6,2017-11-01T16:00:00,2018-03-14T16:00:00
HOLX,2017-11-08T16:00:00,0.5,0.489,2.2,2017-08-15T16:00:00,2017-12-21T16:00:00
HON,2018-01-26T16:00:00,1.85,1.841,0.5,2017-10-30T16:00:00,2018-03-12T16:00:00
HP,2017-11-16T16:00:00,-0.13,-0.186,30.1,2017-08-23T16:00:00,2018-01-02T16:00:00
HPE,2017-11-21T16:00:00,0.31,0.282,9.9,2017-08-28T16:00:00,2018-01-05T16:00:00
HPQ,2017-11-21T16:00:00,0.44,0.442,-0.5,2017-08-28T16:00:00,2018-01-05T16:00:00
HRB,2017-06-13T16:00:00,3.76,3.531,6.5,2017-03-17T16:00:00,2017-07-26T16:00:00
HRL,2017-11-21T16:00:00,0.41,0.405,1.2,2017-08-28T16:00:00,2018-01-05T16:00:00
HRS,2017-08-01T16:00:00,1.49,1.486,0.3,2017-05-05T16:00:00,2017-09-13T16:00:00
HSIC,2018-02-20T16:00:00,0.97,0.971,-0.1,2017-11-21T16:00:00,2018-04-04T16:00:00
HST,2018-02-21T16:00:00,0.42,0.393,6.9,2017-11-22T16:00:00,2018-04-05T16:00:00
HSY,2018-02-01T16:00:00,1.03,1.071,-3.8,2017-11-03T16:00:00,2018-03-16T16:00:00
HUM,2018-02-07T16:00:00,2.06,2,3,2017-11-09T16:00:00,2018-03-22T16:00:00
IBM,2018-01-18T16:00:00,5.18,5.174,0.1,2017-10-20T16:00:00,2018-03-02T16:00:00
ICE,2018-02-07T16:00:00,0.73,0.72,1.4,2017-11-09T16:00:00,2018-03-22T16:00:00
IDXX,2018-02-01T16:00:00,0.78,0.728,6.8,2017-11-03T16:00:00,2018-03-16T16:00:00
IFF,2018-02-14T16:00:00,1.4,1.308,7,2017-11-16T16:00:00,2018-03-29T16:00:00
ILMN,2018-01-30T16:00:00,1.44,1.253,14.9,2017-11-01T16:00:00,2018-03-14T16:00:00
INCY,2018-02-15T16:00:00,-0.71,-0.484,-46.7,2017-11-17T16:00:00,2018-04-02T16:00:00
INFO,2018-01-16T16:00:00,0.52,0.512,1.6,2017-10-18T16:00:00,2018-02-28T16:00:00
INTC,2018-01-25T16:00:00,1.08,0.865,24.9,2017-10-27T16:00:00,2018-03-09T16:00:00
INTU,2017-08-22T16:00:00,0.2,0.168,19,2017-05-26T16:00:00,2017-10-04T16:00:00
IP,2018-02-01T16:00:00,1.27,1.189,6.8,2017-11-03T16:00:00,2018-03-16T16:00:00
IPG,2018-02-14T16:00:00,0.79,0.77,2.6,2017-11-16T16:00:00,2018-03-29T16:00:00
IPGP,2018-02-16T16:00:00,1.87,1.733,7.8,2017-11-20T16:00:00,2018-04-03T16:00:00
IQV,2018-02-14T16:00:00,1.4,1.344,4.2,2017-11-16T16:00:00,2018-03-29T16:00:00
IR,2018-01-31T16:00:00,1.02,1.028,-0.8,2017-11-02T16:00:00,2018-03-15T16:00:00
IRM,2018-02-16T16:00:00,0.53,0.58,-8.6,2017-11-20T16:00:00,2018-04-03T16:00:00
ISRG,2018-01-25T16:00:00,2.54,2.355,7.9,2017-10-27T16:00:00,2018-03-09T16:00:00
IT,2018-02-06T16:00:00,1.17,1.32,-11.4,2017-11-08T16:00:00,2018-03-21T16:00:00
ITW,2018-01-24T16:00:00,1.7,1.615,5.3,2017-10-26T16:00:00,2018-03-08T16:00:00
IVZ,2018-01-31T16:00:00,0.73,0.696,4.9,2017-11-02T16:00:00,2018-03-15T16:00:00
JBHT,2018-01-18T16:00:00,0.92,1.01,-9.3,2017-10-20T16:00:00,2018-03-02T16:00:00
JCI,2017-11-09T16:00:00,0.87,0.867,0.3,2017-08-16T16:00:00,2017-12-22T16:00:00
JEC,2017-11-21T16:00:00,0.98,0.823,19.1,2017-08-28T16:00:00,2018-01-05T16:00:00
JNJ,2018-01-23T16:00:00,1.74,1.724,0.9,2017-10-25T16:00:00,2018-03-07T16:00:00
JNPR,2018-01-30T16:00:00,0.53,0.518,2.3,2017-11-01T16:00:00,2018-03-14T16:00:00
JPM,2018-01-12T16:00:00,1.74,1.694,2.4,2017-10-17T16:00:00,2018-02-27T16:00:00
JWN,2017-02-23T16:00:00,1.27,1.153,10.1,2016-11-25T16:00:00,2017-04-06T16:00:00
K,2018-02-08T16:00:00,0.96,0.959,0.1,2017-11-10T16:00:00,2018-03-23T16:00:00
KEY,2018-01-18T16:00:00,0.36,0.36,0,2017-10-20T16:00:00,2018-03-02T16:00:00
KHC,2018-02-16T16:00:00,0.9,0.946,-4.9,2017-11-20T16:00:00,2018-04-03T16:00:00
KIM,2018-02-15T16:00:00,0.39,0.382,2.1,2017-11-17T16:00:00,2018-04-02T16:00:00
KLAC,2017-07-27T16:00:00,1.64,1.597,2.7,2017-05-02T16:00:00,2017-09-08T16:00:00
KMB,2018-01-23T16:00:00,1.57,1.545,1.6,2017-10-25T16:00:00,2018-03-07T16:00:00
KMI,2018-01-17T16:00:00,0.21,0.182,15.4,2017-10-19T16:00:00,2018-03-01T16:00:00
KMX,2017-04-06T16:00:00,0.81,0.786,2.7,2017-01-10T16:00:00,2017-05-19T16:00:00
KO,2018-02-16T16:00:00,0.39,0.385,1.3,2017-11-20T16:00:00,2018-04-03T16:00:00
KORS,2017-05-31T16:00:00,0.73,0.7,4.3,2017-03-06T16:00:00,2017-07-13T16:00:00
KR,2017-03-02T16:00:00,0.53,0.52,1.9,2016-12-02T16:00:00,2017-04-13T16:00:00
KSS,2017-02-23T16:00:00,1.44,1.325,8.7,2016-11-25T16:00:00,2017-04-06T16:00:00
KSU,2018-01-19T16:00:00,1.38,1.363,1.2,2017-10-23T16:00:00,2018-03-05T16:00:00
L,2018-02-12T16:00:00,0.22,0.71,-69.4,2017-11-14T16:00:00,2018-03-27T16:00:00
LB,2017-02-22T16:00:00,2.03,1.9,7,2016-11-23T16:00:00,2017-04-05T16:00:00
LEG,2018-02-05T16:00:00,0.59,0.611,-3.4,2017-11-07T16:00:00,2018-03-20T16:00:00
LEN,2018-01-10T16:00:00,1.29,1.475,-12.5,2017-10-13T16:00:00,2018-02-23T16:00:00
LH,2018-02-06T16:00:00,2.45,2.377,3.1,2017-11-08T16:00:00,2018-03-21T16:00:00
LKQ,2018-02-22T16:00:00,0.41,0.421,-2.6,2017-11-24T16:00:00,2018-04-06T16:00:00
LLL,2018-01-25T16:00:00,2.35,2.22,5.9,2017-10-27T16:00:00,2018-03-09T16:00:00
LLY,2018-01-31T16:00:00,1.14,1.074,6.1,2017-11-02T16:00:00,2018-03-15T16:00:00
LMT,2018-01-29T16:00:00,4.3,4.053,6.1,2017-10-31T16:00:00,2018-03-13T16:00:00
LNC,2018-01-31T16:00:00,1.98,1.937,2.2,2017-11-02T16:00:00,2018-03-15T16:00:00
LNT,2018-02-22T16:00:00,0.33,0.357,-7.6,2017-11-24T16:00:00,2018-04-06T16:00:00
LOW,2017-03-01T16:00:00,0.86,0.785,9.6,2016-12-01T16:00:00,2017-04-12T16:00:00
LRCX,2017-07-26T16:00:00,3.11,3.025,2.8,2017-05-01T16:00:00,2017-09-07T16:00:00
LUK,2018-02-22T16:00:00,0.49,0.47,4,2017-11-24T16:00:00,2018-04-06T16:00:00
LUV,2018-01-25T16:00:00,0.77,0.765,0.7,2017-10-27T16:00:00,2018-03-09T16:00:00
LYB,2018-02-02T16:00:00,2.73,2.546,7.3,2017-11-06T16:00:00,2018-03-19T16:00:00
M,2017-02-21T16:00:00,2.02,1.958,3.2,2016-11-22T16:00:00,2017-04-04T16:00:00
MA,2018-02-01T16:00:00,1.14,1.12,1.8,2017-11-03T16:00:00,2018-03-16T16:00:00
MAA,2018-01-31T16:00:00,1.5,1.477,1.6,2017-11-02T16:00:00,2018-03-15T16:00:00
MAC,2018-02-05T16:00:00,1.03,1.138,-9.5,2017-11-07T16:00:00,2018-03-20T16:00:00
MAR,2018-02-14T16:00:00,1.12,1.003,11.7,2017-11-16T16:00:00,2018-03-29T16:00:00
MAS,2018-02-08T16:00:00,0.44,0.435,1.1,2017-11-10T16:00:00,2018-03-23T16:00:00
MAT,2018-02-01T16:00:00,-0.72,0.162,-544.4,2017-11-03T16:00:00,2018-03-16T16:00:00
MCD,2018-01-30T16:00:00,1.71,1.589,7.6,2017-11-01T16:00:00,2018-03-14T16:00:00
MCHP,2017-05-09T16:00:00,1.16,1.065,8.9,2017-02-10T16:00:00,2017-06-21T16:00:00
MCK,2017-05-18T16:00:00,3.42,3.002,13.9,2017-02-22T16:00:00,2017-06-30T16:00:00
MCO,2018-02-09T16:00:00,1.51,1.48,2,2017-11-13T16:00:00,2018-03-26T16:00:00
MDLZ,2018-01-31T16:00:00,0.57,0.557,2.3,2017-11-02T16:00:00,2018-03-15T16:00:00
MDT,2017-05-25T16:00:00,1.33,1.313,1.3,2017-03-01T16:00:00,2017-07-10T16:00:00
MET,2018-02-13T16:00:00,0.64,0.846,-24.3,2017-11-15T16:00:00,2018-03-28T16:00:00
MGM,2018-02-20T16:00:00,0.11,0.087,24.5,2017-11-21T16:00:00,2018-04-04T16:00:00
MHK,2018-02-08T16:00:00,3.42,3.321,3,2017-11-10T16:00:00,2018-03-23T16:00:00
MKC,2018-01-25T16:00:00,1.54,1.515,1.7,2017-10-27T16:00:00,2018-03-09T16:00:00
MLM,2018-02-13T16:00:00,1.93,1.468,31.2,2017-11-15T16:00:00,2018-03-28T16:00:00
MMC,2018-02-01T16:00:00,1.05,0.944,11.2,2017-11-03T16:00:00,2018-03-16T16:00:00
MMM,2018-01-25T16:00:00,2.1,2.023,3.8,2017-10-27T16:00:00,2018-03-09T16:00:00
MNST,2018-02-28T16:00:00,0.23,0.373,-37.6,2017-11-30T16:00:00,2018-04-12T16:00:00
MO,2018-02-01T16:00:00,0.91,0.802,13.5,2017-11-03T16:00:00,2018-03-16T16:00:00
MON,2017-10-04T16:00:00,0.2,-0.419,147.7,2017-07-11T16:00:00,2017-11-15T16:00:00
MOS,2018-02-19T16:00:00,0.34,0.279,21.9,2017-11-20T16:00:00,2018-04-03T16:00:00
MPC,2018-02-01T16:00:00,1.04,1.002,3.8,2017-11-03T16:00:00,2018-03-16T16:00:00
MRK,2018-02-02T16:00:00,0.98,0.935,4.8,2017-11-06T16:00:00,2018-03-19T16:00:00
MRO,2018-02-14T16:00:00,0.07,0.026,169.2,2017-11-16T16:00:00,2018-03-29T16:00:00
MS,2018-01-18T16:00:00,0.84,0.768,9.4,2017-10-20T16:00:00,2018-03-02T16:00:00
MSCI,2018-02-01T16:00:00,1.15,0.998,15.2,2017-11-03T16:00:00,2018-03-16T16:00:00
MSFT,2017-07-20T16:00:00,0.75,0.708,5.9,2017-04-25T16:00:00,2017-08-31T16:00:00
MSI,2018-02-01T16:00:00,2.1,2.036,3.1,2017-11-03T16:00:00,2018-03-16T16:00:00
MTB,2018-01-18T16:00:00,2.66,2.404,10.6,2017-10-20T16:00:00,2018-03-02T16:00:00
MTD,2018-02-08T16:00:00,5.97,5.93,0.7,2017-11-10T16:00:00,2018-03-23T16:00:00
MU,2017-09-26T16:00:00,2.02,1.84,9.8,2017-06-30T16:00:00,2017-11-07T16:00:00
MYL,2018-02-28T16:00:00,1.43,1.405,1.8,2017-11-30T16:00:00,2018-04-12T16:00:00
NAVI,2018-01-23T16:00:00,0.43,0.416,3.4,2017-10-25T16:00:00,2018-03-07T16:00:00
NBL,2018-02-20T16:00:00,0.32,0.039,720.5,2017-11-21T16:00:00,2018-04-04T16:00:00
NCLH,2018-02-22T16:00:00,0.68,0.638,6.6,2017-11-24T16:00:00,2018-04-06T16:00:00
NDAQ,2018-01-31T16:00:00,1.05,1.006,4.4,2017-11-02T16:00:00,2018-03-15T16:00:00
NEE,2018-01-26T16:00:00,1.25,1.308,-4.4,2017-10-30T16:00:00,2018-03-12T16:00:00
NEM,2018-02-22T16:00:00,0.4,0.37,8.1,2017-11-24T16:00:00,2018-04-06T16:00:00
NFLX,2018-01-22T16:00:00,0.41,0.414,-1,2017-10-24T16:00:00,2018-03-06T16:00:00
NFX,2018-02-20T16:00:00,0.71,0.623,14,2017-11-21T16:00:00,2018-04-04T16:00:00
NI,2018-02-20T16:00:00,0.33,0.322,2.5,2017-11-21T16:00:00,2018-04-04T16:00:00
NKE,2017-06-29T16:00:00,0.6,0.501,19.9,2017-04-04T16:00:00,2017-08-11T16:00:00
NKTR,2018-03-01T16:00:00,-0.15,-0.356,58.4,2017-12-01T16:00:00,2018-04-13T16:00:00
NLSN,2018-02-08T16:00:00,0.61,0.808,-24.9,2017-11-10T16:00:00,2018-03-23T16:00:00
NOC,2018-01-25T16:00:00,2.72,2.694,1,2017-10-27T16:00:00,2018-03-09T16:00:00
NOV,2018-02-05T16:00:00,-0.04,-0.04,0,2017-11-07T16:00:00,2018-03-20T16:00:00
NRG,2018-03-01T16:00:00,-1.62,0.333,-587.4,2017-12-01T16:00:00,2018-04-13T16:00:00
NSC,2018-01-24T16:00:00,1.69,1.572,7.5,2017-10-26T16:00:00,2018-03-08T16:00:00
NTAP,2017-05-24T16:00:00,0.86,0.822,4.6,2017-02-28T16:00:00,2017-07-07T16:00:00
NTRS,2018-01-24T16:00:00,1.38,1.307,5.3,2017-10-26T16:00:00,2018-03-08T16:00:00
NUE,2018-01-30T16:00:00,0.65,0.554,17.7,2017-11-01T16:00:00,2018-03-14T16:00:00
NVDA,2017-02-09T16:00:00,1.13,0.979,15.4,2016-11-11T16:00:00,2017-03-24T16:00:00
NWL,2018-02-16T16:00:00,0.68,0.676,0.6,2017-11-20T16:00:00,2018-04-03T16:00:00
NWSA,2017-08-10T16:00:00,0.11,0.095,15.8,2017-05-16T16:00:00,2017-09-22T16:00:00
O,2018-02-21T16:00:00,0.61,0.621,-1.8,2017-11-22T16:00:00,2018-04-05T16:00:00
OKE,2018-02-26T16:00:00,0.16,0.527,-69.3,2017-11-28T16:00:00,2018-04-10T16:00:00
OMC,2018-02-15T16:00:00,1.55,1.54,0.6,2017-11-17T16:00:00,2018-04-02T16:00:00
ORCL,2017-06-21T16:00:00,0.89,0.784,13.5,2017-03-27T16:00:00,2017-08-03T16:00:00
ORLY,2018-02-07T16:00:00,2.9,2.776,4.5,2017-11-09T16:00:00,2018-03-22T16:00:00
OXY,2018-02-13T16:00:00,0.41,0.403,1.7,2017-11-15T16:00:00,2018-03-28T16:00:00
PAYX,2017-06-28T16:00:00,0.54,0.528,2.3,2017-04-03T16:00:00,2017-08-10T16:00:00
PBCT,2018-01-18T16:00:00,0.31,0.268,15.7,2017-10-20T16:00:00,2018-03-02T16:00:00
PCAR,2018-01-30T16:00:00,1.18,1.124,5,2017-11-01T16:00:00,2018-03-14T16:00:00
PCG,2018-02-09T16:00:00,0.63,0.682,-7.6,2017-11-13T16:00:00,2018-03-26T16:00:00
PEG,2018-02-23T16:00:00,0.57,0.563,1.2,2017-11-27T16:00:00,2018-04-09T16:00:00
PEP,2018-02-13T16:00:00,1.31,1.304,0.5,2017-11-15T16:00:00,2018-03-28T16:00:00
PFE,2018-01-30T16:00:00,0.62,0.562,10.3,2017-11-01T16:00:00,2018-03-14T16:00:00
PFG,2018-01-29T16:00:00,1.19,1.363,-12.7,2017-10-31T16:00:00,2018-03-13T16:00:00
PG,2017-07-27T16:00:00,0.85,0.782,8.7,2017-05-02T16:00:00,2017-09-08T16:00:00
PGR,2018-01-24T16:00:00,0.84,0.773,9.1,2017-10-26T16:00:00,2018-03-08T16:00:00
PH,2017-08-03T16:00:00,2.45,2.308,6.2,2017-05-09T16:00:00,2017-09-15T16:00:00
PHM,2018-01-30T16:00:00,0.85,0.855,-0.6,2017-11-01T16:00:00,2018-03-14T16:00:00
PKG,2018-01-30T16:00:00,1.56,1.513,3.1,2017-11-01T16:00:00,2018-03-14T16:00:00
PKI,2018-01-25T16:00:00,0.97,0.94,3.2,2017-10-27T16:00:00,2018-03-09T16:00:00
PLD,2018-01-23T16:00:00,0.67,0.663,1.1,2017-10-25T16:00:00,2018-03-07T16:00:00
PM,2018-02-08T16:00:00,1.31,1.351,-3,2017-11-10T16:00:00,2018-03-23T16:00:00
PNC,2018-01-12T16:00:00,2.29,2.196,4.3,2017-10-17T16:00:00,2018-02-27T16:00:00
PNR,2018-01-30T16:00:00,0.93,0.933,-0.3,2017-11-01T16:00:00,2018-03-14T16:00:00
PNW,2018-02-23T16:00:00,0.19,0.12,60.3,2017-11-27T16:00:00,2018-04-09T16:00:00
PPG,2018-01-18T16:00:00,1.19,1.184,0.5,2017-10-20T16:00:00,2018-03-02T16:00:00
PPL,2018-02-22T16:00:00,0.55,0.478,15.1,2017-11-24T16:00:00,2018-04-06T16:00:00
PRGO,2018-03-01T16:00:00,1.28,1.25,2.4,2017-12-01T16:00:00,2018-04-13T16:00:00
PRU,2018-02-07T16:00:00,2.69,2.641,1.9,2017-11-09T16:00:00,2018-03-22T16:00:00
PSA,2018-02-20T16:00:00,2.75,2.726,0.9,2017-11-21T16:00:00,2018-04-04T16:00:00
PSX,2018-02-02T16:00:00,1.07,0.877,22,2017-11-06T16:00:00,2018-03-19T16:00:00
PVH,2017-03-22T16:00:00,1.23,1.192,3.2,2016-12-22T16:00:00,2017-05-04T16:00:00
PWR,2018-02-22T16:00:00,0.45,0.441,2,2017-11-24T16:00:00,2018-04-06T16:00:00
PX,2018-01-25T16:00:00,1.52,1.48,2.7,2017-10-27T16:00:00,2018-03-09T16:00:00
PXD,2018-02-06T16:00:00,1.22,0.86,41.9,2017-11-08T16:00:00,2018-03-21T16:00:00
PYPL,2018-01-31T16:00:00,0.55,0.52,5.8,2017-11-02T16:00:00,2018-03-15T16:00:00
QCOM,2017-11-01T16:00:00,0.92,0.823,11.8,2017-08-08T16:00:00,2017-12-14T16:00:00
QRVO,2017-05-03T16:00:00,0.85,0.808,5.2,2017-02-06T16:00:00,2017-06-15T16:00:00
RCL,2018-01-24T16:00:00,1.34,1.205,11.2,2017-10-26T16:00:00,2018-03-08T16:00:00
RE,2018-02-05T16:00:00,13.48,5.29,154.8,2017-11-07T16:00:00,2018-03-20T16:00:00
REG,2018-02-08T16:00:00,0.92,0.916,0.4,2017-11-10T16:00:00,2018-03-23T16:00:00
REGN,2018-02-08T16:00:00,5.23,4.575,14.3,2017-11-10T16:00:00,2018-03-23T16:00:00
RF,2018-01-19T16:00:00,0.34,0.26,30.8,2017-10-23T16:00:00,2018-03-05T16:00:00
RHI,2018-01-30T16:00:00,0.65,0.63,3.2,2017-11-01T16:00:00,2018-03-14T16:00:00
RHT,2017-03-27T16:00:00,0.61,0.608,0.3,2016-12-28T16:00:00,2017-05-09T16:00:00
RJF,2017-10-25T16:00:00,1.47,1.323,11.1,2017-08-01T16:00:00,2017-12-07T16:00:00
RL,2017-05-18T16:00:00,0.89,0.778,14.4,2017-02-22T16:00:00,2017-06-30T16:00:00
RMD,2017-08-01T16:00:00,0.77,0.744,3.5,2017-05-05T16:00:00,2017-09-13T16:00:00
ROK,2017-11-08T16:00:00,1.69,1.717,-1.6,2017-08-15T16:00:00,2017-12-21T16:00:00
ROP,2018-02-02T16:00:00,2.7,2.608,3.5,2017-11-06T16:00:00,2018-03-19T16:00:00
ROST,2017-02-28T16:00:00,0.77,0.754,1.9,2016-11-30T16:00:00,2017-04-11T16:00:00
RRC,2018-02-27T16:00:00,0.22,0.166,32.5,2017-11-29T16:00:00,2018-04-11T16:00:00
RSG,2018-02-08T16:00:00,0.61,0.57,7,2017-11-10T16:00:00,2018-03-23T16:00:00
RTN,2018-01-25T16:00:00,1.94,2.037,-4.8,2017-10-27T16:00:00,2018-03-09T16:00:00
SBAC,2018-02-26T16:00:00,1.43,1.53,-6.5,2017-11-28T16:00:00,2018-04-10T16:00:00
SBUX,2017-11-02T16:00:00,0.55,0.546,0.7,2017-08-09T16:00:00,2017-12-15T16:00:00
SCG,2018-02-22T16:00:00,1.01,0.813,24.2,2017-11-24T16:00:00,2018-04-06T16:00:00
SCHW,2018-01-17T16:00:00,0.44,0.415,5.8,2017-10-19T16:00:00,2018-03-01T16:00:00
SEE,2018-02-08T16:00:00,0.58,0.576,0.7,2017-11-10T16:00:00,2018-03-23T16:00:00
SHW,2018-01-25T16:00:00,3.16,3.162,-0.1,2017-10-27T16:00:00,2018-03-09T16:00:00
SIVB,2018-01-25T16:00:00,2.83,2.557,10.5,2017-10-27T16:00:00,2018-03-09T16:00:00
SJM,2017-06-08T16:00:00,1.8,1.722,4.5,2017-03-14T16:00:00,2017-07-21T16:00:00
SLB,2018-01-19T16:00:00,0.48,0.442,8.6,2017-10-23T16:00:00,2018-03-05T16:00:00
SLG,2018-01-24T16:00:00,1.6,1.603,-0.2,2017-10-26T16:00:00,2018-03-08T16:00:00
SNA,2018-02-08T16:00:00,2.69,2.655,1.3,2017-11-10T16:00:00,2018-03-23T16:00:00
SNPS,2017-11-29T16:00:00,0.69,0.573,20.4,2017-09-05T16:00:00,2018-01-12T16:00:00
SO,2018-02-21T16:00:00,0.51,0.462,10.4,2017-11-22T16:00:00,2018-04-05T16:00:00
SPG,2018-01-31T16:00:00,3.12,3.116,0.1,2017-11-02T16:00:00,2018-03-15T16:00:00
SPGI,2018-02-06T16:00:00,1.85,1.613,14.7,2017-11-08T16:00:00,2018-03-21T16:00:00
SRCL,2018-02-21T16:00:00,1,1.138,-12.1,2017-11-22T16:00:00,2018-04-05T16:00:00
SRE,2018-02-27T16:00:00,1.54,1.411,9.1,2017-11-29T16:00:00,2018-04-11T16:00:00
STI,2018-01-19T16:00:00,1.09,1.051,3.7,2017-10-23T16:00:00,2018-03-05T16:00:00
STT,2018-01-23T16:00:00,1.83,1.699,7.7,2017-10-25T16:00:00,2018-03-07T16:00:00
STX,2017-07-25T16:00:00,0.65,0.98,-33.7,2017-04-28T16:00:00,2017-09-06T16:00:00
STZ,2017-04-06T16:00:00,1.48,1.364,8.5,2017-01-10T16:00:00,2017-05-19T16:00:00
SWK,2018-01-24T16:00:00,2.18,2.147,1.5,2017-10-26T16:00:00,2018-03-08T16:00:00
SWKS,2017-11-06T16:00:00,1.82,1.752,3.9,2017-08-11T16:00:00,2017-12-19T16:00:00
SYF,2018-01-19T16:00:00,0.7,0.637,9.9,2017-10-23T16:00:00,2018-03-05T16:00:00
SYK,2018-01-30T16:00:00,1.96,1.964,-0.2,2017-11-01T16:00:00,2018-03-14T16:00:00
SYMC,2017-05-10T16:00:00,0.28,0.283,-1.1,2017-02-13T16:00:00,2017-06-22T16:00:00
SYY,2017-08-14T16:00:00,0.72,0.715,0.7,2017-05-18T16:00:00,2017-09-26T16:00:00
T,2018-01-31T16:00:00,0.78,0.651,19.8,2017-11-02T16:00:00,2018-03-15T16:00:00
TAP,2018-02-14T16:00:00,0.62,0.568,9.2,2017-11-16T16:00:00,2018-03-29T16:00:00
TDG,2017-11-09T16:00:00,3.48,3.411,2,2017-08-16T16:00:00,2017-12-22T16:00:00
TEL,2017-11-01T16:00:00,1.25,1.156,8.1,2017-08-08T16:00:00,2017-12-14T16:00:00
TGT,2017-02-28T16:00:00,1.45,1.508,-3.8,2016-11-30T16:00:00,2017-04-11T16:00:00
TIF,2017-03-17T16:00:00,1.45,1.384,4.8,2016-12-19T16:00:00,2017-05-01T16:00:00
TJX,2017-02-22T16:00:00,1.03,1.002,2.8,2016-11-23T16:00:00,2017-04-05T16:00:00
TMK,2018-02-07T16:00:00,1.24,1.227,1.1,2017-11-09T16:00:00,2018-03-22T16:00:00
TMO,2018-01-31T16:00:00,2.79,2.664,4.7,2017-11-02T16:00:00,2018-03-15T16:00:00
TPR,2017-08-15T16:00:00,0.5,0.495,1,2017-05-19T16:00:00,2017-09-27T16:00:00
TRIP,2018-02-14T16:00:00,0.06,0.14,-57.1,2017-11-16T16:00:00,2018-03-29T16:00:00
TROW,2018-01-30T16:00:00,1.52,1.459,4.2,2017-11-01T16:00:00,2018-03-14T16:00:00
TRV,2018-01-23T16:00:00,2.28,1.502,51.8,2017-10-25T16:00:00,2018-03-07T16:00:00
TSCO,2018-01-31T16:00:00,0.91,0.871,4.5,2017-11-02T16:00:00,2018-03-15T16:00:00
TSN,2017-11-13T16:00:00,1.43,1.363,4.9,2017-08-18T16:00:00,2017-12-27T16:00:00
TSS,2018-01-23T16:00:00,0.82,0.785,4.5,2017-10-25T16:00:00,2018-03-07T16:00:00
TTWO,2017-05-23T16:00:00,0.71,0.568,25,2017-02-27T16:00:00,2017-07-06T16:00:00
TWX,2018-02-01T16:00:00,2.66,1.439,84.9,2017-11-03T16:00:00,2018-03-16T16:00:00
TXN,2018-01-23T16:00:00,1.09,1.085,0.5,2017-10-25T16:00:00,2018-03-07T16:00:00
TXT,2018-01-31T16:00:00,0.74,0.771,-4,2017-11-02T16:00:00,2018-03-15T16:00:00
UAA,2018-02-13T16:00:00,0,0.003,-100,2017-11-15T16:00:00,2018-03-28T16:00:00
UAL,2018-01-23T16:00:00,1.4,1.338,4.6,2017-10-25T16:00:00,2018-03-07T16:00:00
UDR,2018-02-06T16:00:00,0.48,0.479,0.2,2017-11-08T16:00:00,2018-03-21T16:00:00
UHS,2018-02-28T16:00:00,2,1.843,8.5,2017-11-30T16:00:00,2018-04-12T16:00:00
ULTA,2017-03-09T16:00:00,2.24,2.135,4.9,2016-12-09T16:00:00,2017-04-21T16:00:00
UNH,2018-01-16T16:00:00,2.59,2.515,3,2017-10-18T16:00:00,2018-02-28T16:00:00
UNM,2018-01-31T16:00:00,1.13,1.076,5,2017-11-02T16:00:00,2018-03-15T16:00:00
UNP,2018-01-25T16:00:00,1.53,1.544,-0.9,2017-10-27T16:00:00,2018-03-09T16:00:00
UPS,2018-02-01T16:00:00,1.67,1.662,0.5,2017-11-03T16:00:00,2018-03-16T16:00:00
URI,2018-01-24T16:00:00,3.34,3.354,-0.4,2017-10-26T16:00:00,2018-03-08T16:00:00
USB,2018-01-17T16:00:00,0.88,0.871,1,2017-10-19T16:00:00,2018-03-01T16:00:00
UTX,2018-01-24T16:00:00,1.6,1.566,2.2,2017-10-26T16:00:00,2018-03-08T16:00:00
V,2017-10-25T16:00:00,0.9,0.847,6.3,2017-08-01T16:00:00,2017-12-07T16:00:00
VAR,2017-10-25T16:00:00,1.09,1.189,-8.3,2017-08-01T16:00:00,2017-12-07T16:00:00
VFC,2018-02-16T16:00:00,1.01,1.019,-0.9,2017-11-20T16:00:00,2018-04-03T16:00:00
VIAB,2017-11-16T16:00:00,0.88,0.855,2.9,2017-08-23T16:00:00,2018-01-02T16:00:00
VLO,2018-02-01T16:00:00,1.16,1.079,7.5,2017-11-03T16:00:00,2018-03-16T16:00:00
VMC,2018-02-16T16:00:00,0.74,0.744,-0.5,2017-11-20T16:00:00,2018-04-03T16:00:00
VNO,2018-02-12T16:00:00,0.8,0.763,4.8,2017-11-14T16:00:00,2018-03-27T16:00:00
VRSK,2018-02-20T16:00:00,1.34,0.779,72,2017-11-21T16:00:00,2018-04-04T16:00:00
VRSN,2018-02-08T16:00:00,0.96,0.97,-1,2017-11-10T16:00:00,2018-03-23T16:00:00
VRTX,2018-01-31T16:00:00,0.61,0.53,15.1,2017-11-02T16:00:00,2018-03-15T16:00:00
VTR,2018-02-09T16:00:00,1.13,1.026,10.1,2017-11-13T16:00:00,2018-03-26T16:00:00
VZ,2018-01-23T16:00:00,0.86,0.884,-2.7,2017-10-25T16:00:00,2018-03-07T16:00:00
WAT,2018-01-23T16:00:00,2.51,2.453,2.3,2017-10-25T16:00:00,2018-03-07T16:00:00
WBA,2017-10-25T16:00:00,1.31,1.211,8.2,2017-08-01T16:00:00,2017-12-07T16:00:00
WDC,2017-07-27T16:00:00,2.93,2.833,3.4,2017-05-02T16:00:00,2017-09-08T16:00:00
WEC,2018-01-31T16:00:00,0.71,0.679,4.6,2017-11-02T16:00:00,2018-03-15T16:00:00
WELL,2018-02-22T16:00:00,1.02,1.048,-2.7,2017-11-24T16:00:00,2018-04-06T16:00:00
WFC,2018-01-12T16:00:00,0.86,1.022,-16.3,2017-10-17T16:00:00,2018-02-27T16:00:00
WHR,2018-01-24T16:00:00,4.1,3.993,2.7,2017-10-26T16:00:00,2018-03-08T16:00:00
WLTW,2018-02-08T16:00:00,2.21,2.1,5.2,2017-11-10T16:00:00,2018-03-23T16:00:00
WM,2018-02-15T16:00:00,0.85,0.832,2.2,2017-11-17T16:00:00,2018-04-02T16:00:00
WMB,2018-02-14T16:00:00,0.2,0.206,-2.9,2017-11-16T16:00:00,2018-03-29T16:00:00
WMT,2017-02-21T16:00:00,1.3,1.29,0.8,2016-11-22T16:00:00,2017-04-04T16:00:00
WRK,2017-11-02T16:00:00,0.87,0.797,9.2,2017-08-09T16:00:00,2017-12-15T16:00:00
WU,2018-02-13T16:00:00,0.41,0.45,-8.9,2017-11-15T16:00:00,2018-03-28T16:00:00
WY,2018-02-02T16:00:00,0.31,0.354,-12.4,2017-11-06T16:00:00,2018-03-19T16:00:00
WYN,2018-02-14T16:00:00,1.47,1.349,9,2017-11-16T16:00:00,2018-03-29T16:00:00
WYNN,2018-01-22T16:00:00,1.4,1.385,1.1,2017-10-24T16:00:00,2018-03-06T16:00:00
XEC,2018-02-14T16:00:00,1.47,1.401,4.9,2017-11-16T16:00:00,2018-03-29T16:00:00
XEL,2018-02-07T16:00:00,0.42,0.426,-1.4,2017-11-09T16:00:00,2018-03-22T16:00:00
XL,2018-02-01T16:00:00,0.45,0.357,26.1,2017-11-03T16:00:00,2018-03-16T16:00:00
XLNX,2017-04-26T16:00:00,0.57,0.541,5.4,2017-01-30T16:00:00,2017-06-08T16:00:00
XOM,2018-02-02T16:00:00,0.88,1.03,-14.6,2017-11-06T16:00:00,2018-03-19T16:00:00
XRAY,2018-03-01T16:00:00,0.82,0.812,1,2017-12-01T16:00:00,2018-04-13T16:00:00
XRX,2018-01-31T16:00:00,1.04,0.961,8.2,2017-11-02T16:00:00,2018-03-15T16:00:00
XYL,2018-02-01T16:00:00,0.76,0.761,-0.1,2017-11-03T16:00:00,2018-03-16T16:00:00
YUM,2018-02-08T16:00:00,0.96,0.795,20.8,2017-11-10T16:00:00,2018-03-23T16:00:00
ZBH,2018-01-30T16:00:00,2.1,2.098,0.1,2017-11-01T16:00:00,2018-03-14T16:00:00
ZION,2018-01-22T16:00:00,0.81,0.732,10.8,2017-10-24T16:00:00,2018-03-06T16:00:00
ZTS,2018-02-15T16:00:00,0.69,0.658,4.9,2017-11-17T16:00:00,2018-04-02T16:00:00
